모델,정확도,ROC-AUC,이탈고객 Recall,이탈고객 Precision,F1-score
CatBoost,0.8306140181502221,0.8524485350502031,0.4333086433821435,0.6502778965369816,0.5200711208370375
XGBoost,0.8300709596447191,0.8513603192337245,0.43296678251951454,0.6479365620736699,0.5190751050240787
LightGBM,0.8314467078586599,0.8529863047866201,0.4258446812147456,0.6576909538894755,0.5169635137471901
Decision Tree,0.7591233828924503,0.635201126487714,0.4202039769813686,0.42980360160848535,0.42494958225295304
Random Forest,0.8191494497007145,0.8371843862065249,0.28927126659449603,0.6689945974436685,0.40389817024661895
